ID;BC;PAGE_LIMIT;SORT;FILTER
1;'myexample3121';1000;NULL;'""'
2;'myexample3133';1000;NULL;'""'
3;'myexample3139';1000;NULL;'""'
4;'myexample3140';1000;NULL;'""'
5;'myexample3150';1000;NULL;'""'
6;'myexample3151';1000;NULL;'""'
7;'myexample3157';1000;NULL;'""'
8;'myexample3165';1000;NULL;'""'
9;'myexample3155';1000;NULL;'""'
10;'myexample3164';1000;NULL;'""'
11;'myexample3158';1000;NULL;'""'
12;'myexample3011';1000;NULL;'""'
13;'myexample3022';1000;NULL;'""'
14;'myexample3148';1000;NULL;'""'
15;'myexample3149';1000;NULL;'""'
16;'myexample3159';1000;NULL;'""'
17;'myexample3166';1000;NULL;'""'
18;'myexample3167';1000;NULL;'""'
19;'myexample3168';1000;NULL;'""'
20;'myexample3169';1000;NULL;'""'
21;'myexample3176';1000;NULL;'""'
22;'myexample3129';1000;NULL;'""'
23;'myexample3202';1000;NULL;'""'
24;'myexample3201';1000;NULL;'""'
25;'myexample3203';1000;NULL;'""'
26;'myexample357';1000;NULL;'""'